no;date;monday;tuesday;wednesday;thursday;friday;saturday;sunday;promo;quantity
1;01/01/2001;1;0;0;0;0;0;0;NA;NA
2;02/01/2001;0;1;0;0;0;0;0;0;12
3;03/01/2001;0;0;1;0;0;0;0;0;6
4;04/01/2001;0;0;0;1;0;0;0;0;8
5;05/01/2001;0;0;0;0;1;0;0;0;12
6;06/01/2001;0;0;0;0;0;1;0;0;4
7;07/01/2001;0;0;0;0;0;0;1;0;3
8;08/01/2001;1;0;0;0;0;0;0;0;12
9;09/01/2001;0;1;0;0;0;0;0;0;13
10;10/01/2001;0;0;1;0;0;0;0;0;15
11;11/01/2001;0;0;0;1;0;0;0;0;18
12;12/01/2001;0;0;0;0;1;0;0;0;18
13;13/01/2001;0;0;0;0;0;1;0;0;5
14;14/01/2001;0;0;0;0;0;0;1;0;0
15;15/01/2001;1;0;0;0;0;0;0;0;9
16;16/01/2001;0;1;0;0;0;0;0;0;11
17;17/01/2001;0;0;1;0;0;0;0;0;13
18;18/01/2001;0;0;0;1;0;0;0;0;13
19;19/01/2001;0;0;0;0;1;0;0;0;13
20;20/01/2001;0;0;0;0;0;1;0;0;3
21;21/01/2001;0;0;0;0;0;0;1;0;1
22;22/01/2001;1;0;0;0;0;0;0;0;8
23;23/01/2001;0;1;0;0;0;0;0;0;5
24;24/01/2001;0;0;1;0;0;0;0;0;16
25;25/01/2001;0;0;0;1;0;0;0;1;18
26;26/01/2001;0;0;0;0;1;0;0;1;20
27;27/01/2001;0;0;0;0;0;1;0;1;10
28;28/01/2001;0;0;0;0;0;0;1;1;3
29;29/01/2001;1;0;0;0;0;0;0;1;16
30;30/01/2001;0;1;0;0;0;0;0;1;16
31;31/01/2001;0;0;1;0;0;0;0;1;17
32;01/02/2001;0;0;0;1;0;0;0;1;14
33;02/02/2001;0;0;0;0;1;0;0;1;17
34;03/02/2001;0;0;0;0;0;1;0;1;9
35;04/02/2001;0;0;0;0;0;0;1;1;4
36;05/02/2001;1;0;0;0;0;0;0;1;14
37;06/02/2001;0;1;0;0;0;0;0;1;20
38;07/02/2001;0;0;1;0;0;0;0;1;19
39;08/02/2001;0;0;0;1;0;0;0;1;14
40;09/02/2001;0;0;0;0;1;0;0;1;20
41;10/02/2001;0;0;0;0;0;1;0;1;7
42;11/02/2001;0;0;0;0;0;0;1;1;2
43;12/02/2001;1;0;0;0;0;0;0;1;17
44;13/02/2001;0;1;0;0;0;0;0;1;14
45;14/02/2001;0;0;1;0;0;0;0;1;11
46;15/02/2001;0;0;0;1;0;0;0;1;17
47;16/02/2001;0;0;0;0;1;0;0;1;31
48;17/02/2001;0;0;0;0;0;1;0;1;10
49;18/02/2001;0;0;0;0;0;0;1;1;4
50;19/02/2001;1;0;0;0;0;0;0;1;17
51;20/02/2001;0;1;0;0;0;0;0;1;19
52;21/02/2001;0;0;1;0;0;0;0;1;15
53;22/02/2001;0;0;0;1;0;0;0;1;22
54;23/02/2001;0;0;0;0;1;0;0;1;29
55;24/02/2001;0;0;0;0;0;1;0;1;23
56;25/02/2001;0;0;0;0;0;0;1;1;6
57;26/02/2001;1;0;0;0;0;0;0;1;25
58;27/02/2001;0;1;0;0;0;0;0;1;29
59;28/02/2001;0;0;1;0;0;0;0;1;16
60;01/03/2001;0;0;0;1;0;0;0;1;26
61;02/03/2001;0;0;0;0;1;0;0;1;20
62;03/03/2001;0;0;0;0;0;1;0;1;11
63;04/03/2001;0;0;0;0;0;0;1;1;4
64;05/03/2001;1;0;0;0;0;0;0;1;24
65;06/03/2001;0;1;0;0;0;0;0;1;19
66;07/03/2001;0;0;1;0;0;0;0;1;22
67;08/03/2001;0;0;0;1;0;0;0;1;17
68;09/03/2001;0;0;0;0;1;0;0;1;26
69;10/03/2001;0;0;0;0;0;1;0;1;10
70;11/03/2001;0;0;0;0;0;0;1;1;3
71;12/03/2001;1;0;0;0;0;0;0;1;36
72;13/03/2001;0;1;0;0;0;0;0;1;30
73;14/03/2001;0;0;1;0;0;0;0;1;27
74;15/03/2001;0;0;0;1;0;0;0;1;27
75;16/03/2001;0;0;0;0;1;0;0;1;19
76;17/03/2001;0;0;0;0;0;1;0;1;9
77;18/03/2001;0;0;0;0;0;0;1;1;7
78;19/03/2001;1;0;0;0;0;0;0;1;20
79;20/03/2001;0;1;0;0;0;0;0;1;29
80;21/03/2001;0;0;1;0;0;0;0;1;26
81;22/03/2001;0;0;0;1;0;0;0;1;22
82;23/03/2001;0;0;0;0;1;0;0;1;29
83;24/03/2001;0;0;0;0;0;1;0;1;13
84;25/03/2001;0;0;0;0;0;0;1;1;5
85;26/03/2001;1;0;0;0;0;0;0;1;17
86;27/03/2001;0;1;0;0;0;0;0;1;16
87;28/03/2001;0;0;1;0;0;0;0;1;18
88;29/03/2001;0;0;0;1;0;0;0;1;19
89;30/03/2001;0;0;0;0;1;0;0;1;8
90;31/03/2001;0;0;0;0;0;1;0;1;12
91;01/04/2001;0;0;0;0;0;0;1;1;3
92;02/04/2001;1;0;0;0;0;0;0;NA;NA
93;03/04/2001;0;1;0;0;0;0;0;1;25
94;04/04/2001;0;0;1;0;0;0;0;1;30
95;05/04/2001;0;0;0;1;0;0;0;1;29
96;06/04/2001;0;0;0;0;1;0;0;1;22
97;07/04/2001;0;0;0;0;0;1;0;1;5
98;08/04/2001;0;0;0;0;0;0;1;1;1
99;09/04/2001;1;0;0;0;0;0;0;1;19
100;10/04/2001;0;1;0;0;0;0;0;1;28
101;11/04/2001;0;0;1;0;0;0;0;1;10
102;12/04/2001;0;0;0;1;0;0;0;1;17
103;13/04/2001;0;0;0;0;1;0;0;1;20
104;14/04/2001;0;0;0;0;0;1;0;1;12
105;15/04/2001;0;0;0;0;0;0;1;1;5
106;16/04/2001;1;0;0;0;0;0;0;1;19
107;17/04/2001;0;1;0;0;0;0;0;1;19
108;18/04/2001;0;0;1;0;0;0;0;1;17
109;19/04/2001;0;0;0;1;0;0;0;1;13
110;20/04/2001;0;0;0;0;1;0;0;1;12
111;21/04/2001;0;0;0;0;0;1;0;1;12
112;22/04/2001;0;0;0;0;0;0;1;1;2
113;23/04/2001;1;0;0;0;0;0;0;1;11
114;24/04/2001;0;1;0;0;0;0;0;1;16
115;25/04/2001;0;0;1;0;0;0;0;1;9
116;26/04/2001;0;0;0;1;0;0;0;1;10
117;27/04/2001;0;0;0;0;1;0;0;1;15
118;28/04/2001;0;0;0;0;0;1;0;1;4
119;29/04/2001;0;0;0;0;0;0;1;1;0
120;30/04/2001;1;0;0;0;0;0;0;1;14
121;01/05/2001;0;1;0;0;0;0;0;NA;NA
122;02/05/2001;0;0;1;0;0;0;0;1;15
123;03/05/2001;0;0;0;1;0;0;0;1;12
124;04/05/2001;0;0;0;0;1;0;0;1;10
125;05/05/2001;0;0;0;0;0;1;0;1;5
126;06/05/2001;0;0;0;0;0;0;1;1;1
127;07/05/2001;1;0;0;0;0;0;0;1;13
128;08/05/2001;0;1;0;0;0;0;0;NA;NA
129;09/05/2001;0;0;1;0;0;0;0;1;14
130;10/05/2001;0;0;0;1;0;0;0;1;11
131;11/05/2001;0;0;0;0;1;0;0;1;18
132;12/05/2001;0;0;0;0;0;1;0;1;4
133;13/05/2001;0;0;0;0;0;0;1;1;1
134;14/05/2001;1;0;0;0;0;0;0;1;14
135;15/05/2001;0;1;0;0;0;0;0;1;16
136;16/05/2001;0;0;1;0;0;0;0;1;10
137;17/05/2001;0;0;0;1;0;0;0;1;17
138;18/05/2001;0;0;0;0;1;0;0;1;32
139;19/05/2001;0;0;0;0;0;1;0;1;16
140;20/05/2001;0;0;0;0;0;0;1;1;6
141;21/05/2001;1;0;0;0;0;0;0;1;22
142;22/05/2001;0;1;0;0;0;0;0;1;24
143;23/05/2001;0;0;1;0;0;0;0;1;21
144;24/05/2001;0;0;0;1;0;0;0;1;19
145;25/05/2001;0;0;0;0;1;0;0;1;25
146;26/05/2001;0;0;0;0;0;1;0;1;9
147;27/05/2001;0;0;0;0;0;0;1;1;4
148;28/05/2001;1;0;0;0;0;0;0;1;39
149;29/05/2001;0;1;0;0;0;0;0;1;15
150;30/05/2001;0;0;1;0;0;0;0;1;19
151;31/05/2001;0;0;0;1;0;0;0;1;16
152;01/06/2001;0;0;0;0;1;0;0;1;27
153;02/06/2001;0;0;0;0;0;1;0;1;7
154;03/06/2001;0;0;0;0;0;0;1;1;2
155;04/06/2001;1;0;0;0;0;0;0;1;24
156;05/06/2001;0;1;0;0;0;0;0;1;21
157;06/06/2001;0;0;1;0;0;0;0;1;19
158;07/06/2001;0;0;0;1;0;0;0;1;15
159;08/06/2001;0;0;0;0;1;0;0;1;23
160;09/06/2001;0;0;0;0;0;1;0;1;8
161;10/06/2001;0;0;0;0;0;0;1;1;2
162;11/06/2001;1;0;0;0;0;0;0;1;15
163;12/06/2001;0;1;0;0;0;0;0;1;28
164;13/06/2001;0;0;1;0;0;0;0;1;17
165;14/06/2001;0;0;0;1;0;0;0;0;15
166;15/06/2001;0;0;0;0;1;0;0;0;9
167;16/06/2001;0;0;0;0;0;1;0;0;5
168;17/06/2001;0;0;0;0;0;0;1;0;1
169;18/06/2001;1;0;0;0;0;0;0;0;8
170;19/06/2001;0;1;0;0;0;0;0;0;9
171;20/06/2001;0;0;1;0;0;0;0;0;6
172;21/06/2001;0;0;0;1;0;0;0;0;13
173;22/06/2001;0;0;0;0;1;0;0;0;7
174;23/06/2001;0;0;0;0;0;1;0;0;4
175;24/06/2001;0;0;0;0;0;0;1;0;1
176;25/06/2001;1;0;0;0;0;0;0;0;7
177;26/06/2001;0;1;0;0;0;0;0;0;16
178;27/06/2001;0;0;1;0;0;0;0;0;11
179;28/06/2001;0;0;0;1;0;0;0;0;5
180;29/06/2001;0;0;0;0;1;0;0;0;8
181;30/06/2001;0;0;0;0;0;1;0;0;6
182;01/07/2001;0;0;0;0;0;0;1;0;1
183;02/07/2001;1;0;0;0;0;0;0;0;9
184;03/07/2001;0;1;0;0;0;0;0;0;11
185;04/07/2001;0;0;1;0;0;0;0;0;12
186;05/07/2001;0;0;0;1;0;0;0;NA;NA
187;06/07/2001;0;0;0;0;1;0;0;NA;NA
188;07/07/2001;0;0;0;0;0;1;0;0;5
189;08/07/2001;0;0;0;0;0;0;1;0;3
190;09/07/2001;1;0;0;0;0;0;0;0;11
191;10/07/2001;0;1;0;0;0;0;0;0;9
192;11/07/2001;0;0;1;0;0;0;0;0;14
193;12/07/2001;0;0;0;1;0;0;0;1;28
194;13/07/2001;0;0;0;0;1;0;0;1;23
195;14/07/2001;0;0;0;0;0;1;0;1;8
196;15/07/2001;0;0;0;0;0;0;1;1;6
197;16/07/2001;1;0;0;0;0;0;0;1;22
198;17/07/2001;0;1;0;0;0;0;0;1;25
199;18/07/2001;0;0;1;0;0;0;0;1;21
200;19/07/2001;0;0;0;1;0;0;0;1;32
201;20/07/2001;0;0;0;0;1;0;0;1;27
202;21/07/2001;0;0;0;0;0;1;0;1;5
203;22/07/2001;0;0;0;0;0;0;1;1;1
204;23/07/2001;1;0;0;0;0;0;0;1;20
205;24/07/2001;0;1;0;0;0;0;0;1;15
206;25/07/2001;0;0;1;0;0;0;0;1;16
207;26/07/2001;0;0;0;1;0;0;0;1;26
208;27/07/2001;0;0;0;0;1;0;0;1;24
209;28/07/2001;0;0;0;0;0;1;0;1;9
210;29/07/2001;0;0;0;0;0;0;1;1;4
211;30/07/2001;1;0;0;0;0;0;0;1;17
212;31/07/2001;0;1;0;0;0;0;0;1;22
213;01/08/2001;0;0;1;0;0;0;0;1;14
214;02/08/2001;0;0;0;1;0;0;0;1;11
215;03/08/2001;0;0;0;0;1;0;0;1;15
216;04/08/2001;0;0;0;0;0;1;0;1;5
217;05/08/2001;0;0;0;0;0;0;1;1;2
218;06/08/2001;1;0;0;0;0;0;0;1;24
219;07/08/2001;0;1;0;0;0;0;0;1;20
220;08/08/2001;0;0;1;0;0;0;0;1;25
221;09/08/2001;0;0;0;1;0;0;0;0;14
222;10/08/2001;0;0;0;0;1;0;0;0;11
223;11/08/2001;0;0;0;0;0;1;0;0;3
224;12/08/2001;0;0;0;0;0;0;1;0;0
225;13/08/2001;1;0;0;0;0;0;0;0;17
226;14/08/2001;0;1;0;0;0;0;0;0;10
227;15/08/2001;0;0;1;0;0;0;0;0;15
228;16/08/2001;0;0;0;1;0;0;0;0;10
229;17/08/2001;0;0;0;0;1;0;0;0;12
230;18/08/2001;0;0;0;0;0;1;0;0;2
231;19/08/2001;0;0;0;0;0;0;1;0;1
232;20/08/2001;1;0;0;0;0;0;0;0;11
233;21/08/2001;0;1;0;0;0;0;0;0;12
234;22/08/2001;0;0;1;0;0;0;0;0;14
235;23/08/2001;0;0;0;1;0;0;0;0;7
236;24/08/2001;0;0;0;0;1;0;0;0;9
237;25/08/2001;0;0;0;0;0;1;0;0;1
238;26/08/2001;0;0;0;0;0;0;1;0;1
239;27/08/2001;1;0;0;0;0;0;0;0;15
240;28/08/2001;0;1;0;0;0;0;0;0;8
241;29/08/2001;0;0;1;0;0;0;0;0;4
242;30/08/2001;0;0;0;1;0;0;0;0;15
243;31/08/2001;0;0;0;0;1;0;0;0;4
244;01/09/2001;0;0;0;0;0;1;0;0;5
245;02/09/2001;0;0;0;0;0;0;1;0;4
246;03/09/2001;1;0;0;0;0;0;0;0;11
247;04/09/2001;0;1;0;0;0;0;0;0;3
248;05/09/2001;0;0;1;0;0;0;0;0;8
249;06/09/2001;0;0;0;1;0;0;0;1;22
250;07/09/2001;0;0;0;0;1;0;0;1;29
251;08/09/2001;0;0;0;0;0;1;0;1;10
252;09/09/2001;0;0;0;0;0;0;1;1;3
253;10/09/2001;1;0;0;0;0;0;0;1;21
254;11/09/2001;0;1;0;0;0;0;0;1;31
255;12/09/2001;0;0;1;0;0;0;0;1;15
256;13/09/2001;0;0;0;1;0;0;0;1;27
257;14/09/2001;0;0;0;0;1;0;0;1;28
258;15/09/2001;0;0;0;0;0;1;0;1;9
259;16/09/2001;0;0;0;0;0;0;1;0;1
260;17/09/2001;1;0;0;0;0;0;0;0;18
261;18/09/2001;0;1;0;0;0;0;0;0;13
262;19/09/2001;0;0;1;0;0;0;0;0;15
263;20/09/2001;0;0;0;1;0;0;0;0;15
264;21/09/2001;0;0;0;0;1;0;0;0;12
265;22/09/2001;0;0;0;0;0;1;0;0;3
266;23/09/2001;0;0;0;0;0;0;1;0;1
267;24/09/2001;1;0;0;0;0;0;0;0;15
268;25/09/2001;0;1;0;0;0;0;0;0;16
269;26/09/2001;0;0;1;0;0;0;0;0;13
270;27/09/2001;0;0;0;1;0;0;0;0;13
271;28/09/2001;0;0;0;0;1;0;0;NA;NA
272;29/09/2001;0;0;0;0;0;1;0;0;8
273;30/09/2001;0;0;0;0;0;0;1;0;3
274;01/10/2001;1;0;0;0;0;0;0;0;16
275;02/10/2001;0;1;0;0;0;0;0;0;10
276;03/10/2001;0;0;1;0;0;0;0;0;14
277;04/10/2001;0;0;0;1;0;0;0;0;12
278;05/10/2001;0;0;0;0;1;0;0;0;14
279;06/10/2001;0;0;0;0;0;1;0;0;3
280;07/10/2001;0;0;0;0;0;0;1;0;2
281;08/10/2001;1;0;0;0;0;0;0;0;11
282;09/10/2001;0;1;0;0;0;0;0;0;8
283;10/10/2001;0;0;1;0;0;0;0;0;13
284;11/10/2001;0;0;0;1;0;0;0;0;10
285;12/10/2001;0;0;0;0;1;0;0;0;24
286;13/10/2001;0;0;0;0;0;1;0;0;7
287;14/10/2001;0;0;0;0;0;0;1;0;0
288;15/10/2001;1;0;0;0;0;0;0;0;12
289;16/10/2001;0;1;0;0;0;0;0;0;9
290;17/10/2001;0;0;1;0;0;0;0;0;13
291;18/10/2001;0;0;0;1;0;0;0;0;9
292;19/10/2001;0;0;0;0;1;0;0;0;10
293;20/10/2001;0;0;0;0;0;1;0;0;5
294;21/10/2001;0;0;0;0;0;0;1;0;4
295;22/10/2001;1;0;0;0;0;0;0;0;10
296;23/10/2001;0;1;0;0;0;0;0;0;12
297;24/10/2001;0;0;1;0;0;0;0;0;12
298;25/10/2001;0;0;0;1;0;0;0;0;8
299;26/10/2001;0;0;0;0;1;0;0;0;12
300;27/10/2001;0;0;0;0;0;1;0;0;2
301;28/10/2001;0;0;0;0;0;0;1;NA;NA
302;29/10/2001;1;0;0;0;0;0;0;0;16
303;30/10/2001;0;1;0;0;0;0;0;0;17
304;31/10/2001;0;0;1;0;0;0;0;1;33
305;01/11/2001;0;0;0;1;0;0;0;1;41
306;02/11/2001;0;0;0;0;1;0;0;1;46
307;03/11/2001;0;0;0;0;0;1;0;1;15
308;04/11/2001;0;0;0;0;0;0;1;1;9
309;05/11/2001;1;0;0;0;0;0;0;1;43
310;06/11/2001;0;1;0;0;0;0;0;1;57
311;07/11/2001;0;0;1;0;0;0;0;1;54
312;08/11/2001;0;0;0;1;0;0;0;1;58
313;09/11/2001;0;0;0;0;1;0;0;1;63
314;10/11/2001;0;0;0;0;0;1;0;1;10
315;11/11/2001;0;0;0;0;0;0;1;1;3
316;12/11/2001;1;0;0;0;0;0;0;1;41
317;13/11/2001;0;1;0;0;0;0;0;1;62
318;14/11/2001;0;0;1;0;0;0;0;1;41
319;15/11/2001;0;0;0;1;0;0;0;1;46
320;16/11/2001;0;0;0;0;1;0;0;1;49
321;17/11/2001;0;0;0;0;0;1;0;NA;NA
322;18/11/2001;0;0;0;0;0;0;1;1;7
323;19/11/2001;1;0;0;0;0;0;0;1;38
324;20/11/2001;0;1;0;0;0;0;0;1;29
325;21/11/2001;0;0;1;0;0;0;0;1;30
326;22/11/2001;0;0;0;1;0;0;0;1;48
327;23/11/2001;0;0;0;0;1;0;0;1;45
328;24/11/2001;0;0;0;0;0;1;0;1;19
329;25/11/2001;0;0;0;0;0;0;1;1;10
330;26/11/2001;1;0;0;0;0;0;0;1;29
331;27/11/2001;0;1;0;0;0;0;0;0;10
332;28/11/2001;0;0;1;0;0;0;0;0;17
333;29/11/2001;0;0;0;1;0;0;0;0;10
334;30/11/2001;0;0;0;0;1;0;0;0;18
335;01/12/2001;0;0;0;0;0;1;0;0;4
336;02/12/2001;0;0;0;0;0;0;1;0;2
337;03/12/2001;1;0;0;0;0;0;0;0;12
338;04/12/2001;0;1;0;0;0;0;0;0;11
339;05/12/2001;0;0;1;0;0;0;0;0;3
340;06/12/2001;0;0;0;1;0;0;0;0;7
341;07/12/2001;0;0;0;0;1;0;0;0;17
342;08/12/2001;0;0;0;0;0;1;0;0;3
343;09/12/2001;0;0;0;0;0;0;1;0;2
344;10/12/2001;1;0;0;0;0;0;0;0;11
345;11/12/2001;0;1;0;0;0;0;0;0;12
346;12/12/2001;0;0;1;0;0;0;0;1;14
347;13/12/2001;0;0;0;1;0;0;0;1;34
348;14/12/2001;0;0;0;0;1;0;0;1;33
349;15/12/2001;0;0;0;0;0;1;0;1;10
350;16/12/2001;0;0;0;0;0;0;1;1;6
351;17/12/2001;1;0;0;0;0;0;0;1;29
352;18/12/2001;0;1;0;0;0;0;0;1;28
353;19/12/2001;0;0;1;0;0;0;0;1;28
354;20/12/2001;0;0;0;1;0;0;0;1;30
355;21/12/2001;0;0;0;0;1;0;0;1;30
356;22/12/2001;0;0;0;0;0;1;0;1;10
357;23/12/2001;0;0;0;0;0;0;1;1;16
358;24/12/2001;1;0;0;0;0;0;0;NA;NA
359;25/12/2001;0;1;0;0;0;0;0;NA;NA
360;26/12/2001;0;0;1;0;0;0;0;NA;NA
361;27/12/2001;0;0;0;1;0;0;0;0;11
362;28/12/2001;0;0;0;0;1;0;0;0;9
363;29/12/2001;0;0;0;0;0;1;0;0;5
364;30/12/2001;0;0;0;0;0;0;1;0;3
365;31/12/2001;1;0;0;0;0;0;0;0;7
366;01/01/2002;0;1;0;0;0;0;0;NA;NA
367;02/01/2002;0;0;1;0;0;0;0;0;9
368;03/01/2002;0;0;0;1;0;0;0;0;10
369;04/01/2002;0;0;0;0;1;0;0;0;12
370;05/01/2002;0;0;0;0;0;1;0;0;7
371;06/01/2002;0;0;0;0;0;0;1;0;4
372;07/01/2002;1;0;0;0;0;0;0;0;15
373;08/01/2002;0;1;0;0;0;0;0;0;16
374;09/01/2002;0;0;1;0;0;0;0;0;12
375;10/01/2002;0;0;0;1;0;0;0;0;16
376;11/01/2002;0;0;0;0;1;0;0;0;19
377;12/01/2002;0;0;0;0;0;1;0;0;4
378;13/01/2002;0;0;0;0;0;0;1;0;0
379;14/01/2002;1;0;0;0;0;0;0;0;13
380;15/01/2002;0;1;0;0;0;0;0;0;9
381;16/01/2002;0;0;1;0;0;0;0;0;24
382;17/01/2002;0;0;0;1;0;0;0;0;13
383;18/01/2002;0;0;0;0;1;0;0;0;21
384;19/01/2002;0;0;0;0;0;1;0;0;7
385;20/01/2002;0;0;0;0;0;0;1;0;2
386;21/01/2002;1;0;0;0;0;0;0;0;14
387;22/01/2002;0;1;0;0;0;0;0;0;12
388;23/01/2002;0;0;1;0;0;0;0;0;10
389;24/01/2002;0;0;0;1;0;0;0;0;14
390;25/01/2002;0;0;0;0;1;0;0;0;21
391;26/01/2002;0;0;0;0;0;1;0;0;7
392;27/01/2002;0;0;0;0;0;0;1;0;0
393;28/01/2002;1;0;0;0;0;0;0;0;12
394;29/01/2002;0;1;0;0;0;0;0;0;13
395;30/01/2002;0;0;1;0;0;0;0;0;16
396;31/01/2002;0;0;0;1;0;0;0;0;25
397;01/02/2002;0;0;0;0;1;0;0;0;15
398;02/02/2002;0;0;0;0;0;1;0;0;5
399;03/02/2002;0;0;0;0;0;0;1;0;1
400;04/02/2002;1;0;0;0;0;0;0;0;12
401;05/02/2002;0;1;0;0;0;0;0;0;10
402;06/02/2002;0;0;1;0;0;0;0;1;21
403;07/02/2002;0;0;0;1;0;0;0;1;18
404;08/02/2002;0;0;0;0;1;0;0;1;23
405;09/02/2002;0;0;0;0;0;1;0;1;11
406;10/02/2002;0;0;0;0;0;0;1;1;3
407;11/02/2002;1;0;0;0;0;0;0;1;20
408;12/02/2002;0;1;0;0;0;0;0;1;26
409;13/02/2002;0;0;1;0;0;0;0;1;20
410;14/02/2002;0;0;0;1;0;0;0;1;25
411;15/02/2002;0;0;0;0;1;0;0;1;17
412;16/02/2002;0;0;0;0;0;1;0;1;11
413;17/02/2002;0;0;0;0;0;0;1;1;2
414;18/02/2002;1;0;0;0;0;0;0;1;25
415;19/02/2002;0;1;0;0;0;0;0;1;19
416;20/02/2002;0;0;1;0;0;0;0;1;21
417;21/02/2002;0;0;0;1;0;0;0;1;23
418;22/02/2002;0;0;0;0;1;0;0;1;40
419;23/02/2002;0;0;0;0;0;1;0;1;15
420;24/02/2002;0;0;0;0;0;0;1;1;3
421;25/02/2002;1;0;0;0;0;0;0;1;22
422;26/02/2002;0;1;0;0;0;0;0;1;35
423;27/02/2002;0;0;1;0;0;0;0;1;40
424;28/02/2002;0;0;0;1;0;0;0;1;25
425;01/03/2002;0;0;0;0;1;0;0;1;24
426;02/03/2002;0;0;0;0;0;1;0;1;17
427;03/03/2002;0;0;0;0;0;0;1;1;12
428;04/03/2002;1;0;0;0;0;0;0;1;18
429;05/03/2002;0;1;0;0;0;0;0;1;21
430;06/03/2002;0;0;1;0;0;0;0;1;39
431;07/03/2002;0;0;0;1;0;0;0;1;29
432;08/03/2002;0;0;0;0;1;0;0;1;31
433;09/03/2002;0;0;0;0;0;1;0;1;14
434;10/03/2002;0;0;0;0;0;0;1;1;4
435;11/03/2002;1;0;0;0;0;0;0;1;32
436;12/03/2002;0;1;0;0;0;0;0;1;34
437;13/03/2002;0;0;1;0;0;0;0;1;27
438;14/03/2002;0;0;0;1;0;0;0;1;30
439;15/03/2002;0;0;0;0;1;0;0;1;37
440;16/03/2002;0;0;0;0;0;1;0;1;17
441;17/03/2002;0;0;0;0;0;0;1;1;6
442;18/03/2002;1;0;0;0;0;0;0;1;30
443;19/03/2002;0;1;0;0;0;0;0;1;14
444;20/03/2002;0;0;1;0;0;0;0;1;22
445;21/03/2002;0;0;0;1;0;0;0;1;47
446;22/03/2002;0;0;0;0;1;0;0;1;38
447;23/03/2002;0;0;0;0;0;1;0;1;11
448;24/03/2002;0;0;0;0;0;0;1;1;8
449;25/03/2002;1;0;0;0;0;0;0;1;37
450;26/03/2002;0;1;0;0;0;0;0;1;33
451;27/03/2002;0;0;1;0;0;0;0;1;20
452;28/03/2002;0;0;0;1;0;0;0;1;27
453;29/03/2002;0;0;0;0;1;0;0;1;26
454;30/03/2002;0;0;0;0;0;1;0;1;10
455;31/03/2002;0;0;0;0;0;0;1;1;0
456;01/04/2002;1;0;0;0;0;0;0;1;22
457;02/04/2002;0;1;0;0;0;0;0;1;16
458;03/04/2002;0;0;1;0;0;0;0;1;20
459;04/04/2002;0;0;0;1;0;0;0;1;23
460;05/04/2002;0;0;0;0;1;0;0;1;28
461;06/04/2002;0;0;0;0;0;1;0;1;14
462;07/04/2002;0;0;0;0;0;0;1;1;3
463;08/04/2002;1;0;0;0;0;0;0;1;24
464;09/04/2002;0;1;0;0;0;0;0;1;20
465;10/04/2002;0;0;1;0;0;0;0;1;20
466;11/04/2002;0;0;0;1;0;0;0;1;33
467;12/04/2002;0;0;0;0;1;0;0;1;28
468;13/04/2002;0;0;0;0;0;1;0;1;15
469;14/04/2002;0;0;0;0;0;0;1;1;4
470;15/04/2002;1;0;0;0;0;0;0;1;25
471;16/04/2002;0;1;0;0;0;0;0;0;17
472;17/04/2002;0;0;1;0;0;0;0;0;26
473;18/04/2002;0;0;0;1;0;0;0;0;16
474;19/04/2002;0;0;0;0;1;0;0;0;3
475;20/04/2002;0;0;0;0;0;1;0;0;4
476;21/04/2002;0;0;0;0;0;0;1;0;2
477;22/04/2002;1;0;0;0;0;0;0;NA;NA
478;23/04/2002;0;1;0;0;0;0;0;0;21
479;24/04/2002;0;0;1;0;0;0;0;0;20
480;25/04/2002;0;0;0;1;0;0;0;0;22
481;26/04/2002;0;0;0;0;1;0;0;0;13
482;27/04/2002;0;0;0;0;0;1;0;0;8
483;28/04/2002;0;0;0;0;0;0;1;0;1
484;29/04/2002;1;0;0;0;0;0;0;0;10
485;30/04/2002;0;1;0;0;0;0;0;0;22
486;01/05/2002;0;0;1;0;0;0;0;NA;NA
487;02/05/2002;0;0;0;1;0;0;0;0;19
488;03/05/2002;0;0;0;0;1;0;0;0;17
489;04/05/2002;0;0;0;0;0;1;0;0;9
490;05/05/2002;0;0;0;0;0;0;1;0;3
491;06/05/2002;1;0;0;0;0;0;0;0;28
492;07/05/2002;0;1;0;0;0;0;0;0;14
493;08/05/2002;0;0;1;0;0;0;0;NA;NA
494;09/05/2002;0;0;0;1;0;0;0;0;17
495;10/05/2002;0;0;0;0;1;0;0;0;21
496;11/05/2002;0;0;0;0;0;1;0;0;6
497;12/05/2002;0;0;0;0;0;0;1;0;4
498;13/05/2002;1;0;0;0;0;0;0;0;21
499;14/05/2002;0;1;0;0;0;0;0;0;19
500;15/05/2002;0;0;1;0;0;0;0;1;26
501;16/05/2002;0;0;0;1;0;0;0;1;39
502;17/05/2002;0;0;0;0;1;0;0;1;35
503;18/05/2002;0;0;0;0;0;1;0;1;20
504;19/05/2002;0;0;0;0;0;0;1;1;5
505;20/05/2002;1;0;0;0;0;0;0;1;25
506;21/05/2002;0;1;0;0;0;0;0;1;25
507;22/05/2002;0;0;1;0;0;0;0;1;27
508;23/05/2002;0;0;0;1;0;0;0;1;28
509;24/05/2002;0;0;0;0;1;0;0;1;25
510;25/05/2002;0;0;0;0;0;1;0;1;7
511;26/05/2002;0;0;0;0;0;0;1;1;3
512;27/05/2002;1;0;0;0;0;0;0;1;29
513;28/05/2002;0;1;0;0;0;0;0;1;28
514;29/05/2002;0;0;1;0;0;0;0;1;31
515;30/05/2002;0;0;0;1;0;0;0;1;30
516;31/05/2002;0;0;0;0;1;0;0;1;25
517;01/06/2002;0;0;0;0;0;1;0;1;11
518;02/06/2002;0;0;0;0;0;0;1;1;5
519;03/06/2002;1;0;0;0;0;0;0;1;25
520;04/06/2002;0;1;0;0;0;0;0;1;22
521;05/06/2002;0;0;1;0;0;0;0;1;31
522;06/06/2002;0;0;0;1;0;0;0;1;24
523;07/06/2002;0;0;0;0;1;0;0;1;27
524;08/06/2002;0;0;0;0;0;1;0;1;19
525;09/06/2002;0;0;0;0;0;0;1;1;5
526;10/06/2002;1;0;0;0;0;0;0;1;22
527;11/06/2002;0;1;0;0;0;0;0;0;11
528;12/06/2002;0;0;1;0;0;0;0;0;14
529;13/06/2002;0;0;0;1;0;0;0;0;13
530;14/06/2002;0;0;0;0;1;0;0;0;12
531;15/06/2002;0;0;0;0;0;1;0;0;7
532;16/06/2002;0;0;0;0;0;0;1;0;3
533;17/06/2002;1;0;0;0;0;0;0;0;18
534;18/06/2002;0;1;0;0;0;0;0;0;18
535;19/06/2002;0;0;1;0;0;0;0;0;16
536;20/06/2002;0;0;0;1;0;0;0;0;15
537;21/06/2002;0;0;0;0;1;0;0;0;5
538;22/06/2002;0;0;0;0;0;1;0;0;7
539;23/06/2002;0;0;0;0;0;0;1;0;4
540;24/06/2002;1;0;0;0;0;0;0;0;15
541;25/06/2002;0;1;0;0;0;0;0;0;17
542;26/06/2002;0;0;1;0;0;0;0;0;9
543;27/06/2002;0;0;0;1;0;0;0;0;7
544;28/06/2002;0;0;0;0;1;0;0;0;12
545;29/06/2002;0;0;0;0;0;1;0;0;8
546;30/06/2002;0;0;0;0;0;0;1;0;0
547;01/07/2002;1;0;0;0;0;0;0;0;16
548;02/07/2002;0;1;0;0;0;0;0;0;16
549;03/07/2002;0;0;1;0;0;0;0;0;14
550;04/07/2002;0;0;0;1;0;0;0;0;11
551;05/07/2002;0;0;0;0;1;0;0;NA;NA
552;06/07/2002;0;0;0;0;0;1;0;NA;NA
553;07/07/2002;0;0;0;0;0;0;1;0;1
554;08/07/2002;1;0;0;0;0;0;0;0;19
555;09/07/2002;0;1;0;0;0;0;0;0;20
556;10/07/2002;0;0;1;0;0;0;0;1;25
557;11/07/2002;0;0;0;1;0;0;0;1;52
558;12/07/2002;0;0;0;0;1;0;0;1;45
559;13/07/2002;0;0;0;0;0;1;0;1;16
560;14/07/2002;0;0;0;0;0;0;1;1;8
561;15/07/2002;1;0;0;0;0;0;0;1;51
562;16/07/2002;0;1;0;0;0;0;0;1;44
563;17/07/2002;0;0;1;0;0;0;0;1;49
564;18/07/2002;0;0;0;1;0;0;0;1;42
565;19/07/2002;0;0;0;0;1;0;0;1;33
566;20/07/2002;0;0;0;0;0;1;0;1;19
567;21/07/2002;0;0;0;0;0;0;1;1;8
568;22/07/2002;1;0;0;0;0;0;0;1;54
569;23/07/2002;0;1;0;0;0;0;0;1;29
570;24/07/2002;0;0;1;0;0;0;0;1;28
571;25/07/2002;0;0;0;1;0;0;0;1;25
572;26/07/2002;0;0;0;0;1;0;0;1;26
573;27/07/2002;0;0;0;0;0;1;0;1;9
574;28/07/2002;0;0;0;0;0;0;1;1;9
575;29/07/2002;1;0;0;0;0;0;0;1;29
576;30/07/2002;0;1;0;0;0;0;0;1;33
577;31/07/2002;0;0;1;0;0;0;0;1;23
578;01/08/2002;0;0;0;1;0;0;0;1;29
579;02/08/2002;0;0;0;0;1;0;0;1;34
580;03/08/2002;0;0;0;0;0;1;0;1;11
581;04/08/2002;0;0;0;0;0;0;1;1;9
582;05/08/2002;1;0;0;0;0;0;0;1;33
583;06/08/2002;0;1;0;0;0;0;0;0;15
584;07/08/2002;0;0;1;0;0;0;0;0;16
585;08/08/2002;0;0;0;1;0;0;0;0;15
586;09/08/2002;0;0;0;0;1;0;0;0;12
587;10/08/2002;0;0;0;0;0;1;0;0;6
588;11/08/2002;0;0;0;0;0;0;1;0;2
589;12/08/2002;1;0;0;0;0;0;0;0;14
590;13/08/2002;0;1;0;0;0;0;0;0;25
591;14/08/2002;0;0;1;0;0;0;0;0;17
592;15/08/2002;0;0;0;1;0;0;0;0;18
593;16/08/2002;0;0;0;0;1;0;0;0;15
594;17/08/2002;0;0;0;0;0;1;0;0;8
595;18/08/2002;0;0;0;0;0;0;1;0;3
596;19/08/2002;1;0;0;0;0;0;0;0;19
597;20/08/2002;0;1;0;0;0;0;0;0;11
598;21/08/2002;0;0;1;0;0;0;0;0;23
599;22/08/2002;0;0;0;1;0;0;0;0;18
600;23/08/2002;0;0;0;0;1;0;0;0;18
601;24/08/2002;0;0;0;0;0;1;0;0;7
602;25/08/2002;0;0;0;0;0;0;1;0;1
603;26/08/2002;1;0;0;0;0;0;0;0;16
604;27/08/2002;0;1;0;0;0;0;0;0;13
605;28/08/2002;0;0;1;0;0;0;0;0;13
606;29/08/2002;0;0;0;1;0;0;0;0;9
607;30/08/2002;0;0;0;0;1;0;0;0;16
608;31/08/2002;0;0;0;0;0;1;0;0;3
609;01/09/2002;0;0;0;0;0;0;1;0;4
610;02/09/2002;1;0;0;0;0;0;0;0;19
611;03/09/2002;0;1;0;0;0;0;0;0;24
612;04/09/2002;0;0;1;0;0;0;0;1;27
613;05/09/2002;0;0;0;1;0;0;0;1;31
614;06/09/2002;0;0;0;0;1;0;0;1;30
615;07/09/2002;0;0;0;0;0;1;0;1;5
616;08/09/2002;0;0;0;0;0;0;1;1;8
617;09/09/2002;1;0;0;0;0;0;0;1;26
618;10/09/2002;0;1;0;0;0;0;0;1;42
619;11/09/2002;0;0;1;0;0;0;0;1;34
620;12/09/2002;0;0;0;1;0;0;0;1;28
621;13/09/2002;0;0;0;0;1;0;0;1;56
622;14/09/2002;0;0;0;0;0;1;0;1;25
623;15/09/2002;0;0;0;0;0;0;1;1;8
624;16/09/2002;1;0;0;0;0;0;0;1;38
625;17/09/2002;0;1;0;0;0;0;0;0;10
626;18/09/2002;0;0;1;0;0;0;0;0;17
627;19/09/2002;0;0;0;1;0;0;0;0;10
628;20/09/2002;0;0;0;0;1;0;0;0;12
629;21/09/2002;0;0;0;0;0;1;0;0;9
630;22/09/2002;0;0;0;0;0;0;1;0;3
631;23/09/2002;1;0;0;0;0;0;0;0;13
632;24/09/2002;0;1;0;0;0;0;0;0;12
633;25/09/2002;0;0;1;0;0;0;0;0;11
634;26/09/2002;0;0;0;1;0;0;0;0;20
635;27/09/2002;0;0;0;0;1;0;0;0;11
636;28/09/2002;0;0;0;0;0;1;0;NA;NA
637;29/09/2002;0;0;0;0;0;0;1;0;2
638;30/09/2002;1;0;0;0;0;0;0;0;17
639;01/10/2002;0;1;0;0;0;0;0;0;15
640;02/10/2002;0;0;1;0;0;0;0;0;15
641;03/10/2002;0;0;0;1;0;0;0;0;10
642;04/10/2002;0;0;0;0;1;0;0;0;16
643;05/10/2002;0;0;0;0;0;1;0;0;8
644;06/10/2002;0;0;0;0;0;0;1;0;3
645;07/10/2002;1;0;0;0;0;0;0;0;12
646;08/10/2002;0;1;0;0;0;0;0;0;18
647;09/10/2002;0;0;1;0;0;0;0;0;10
648;10/10/2002;0;0;0;1;0;0;0;0;13
649;11/10/2002;0;0;0;0;1;0;0;0;20
650;12/10/2002;0;0;0;0;0;1;0;0;5
651;13/10/2002;0;0;0;0;0;0;1;0;0
652;14/10/2002;1;0;0;0;0;0;0;0;10
653;15/10/2002;0;1;0;0;0;0;0;0;17
654;16/10/2002;0;0;1;0;0;0;0;0;13
655;17/10/2002;0;0;0;1;0;0;0;0;21
656;18/10/2002;0;0;0;0;1;0;0;0;15
657;19/10/2002;0;0;0;0;0;1;0;0;4
658;20/10/2002;0;0;0;0;0;0;1;0;3
659;21/10/2002;1;0;0;0;0;0;0;0;20
660;22/10/2002;0;1;0;0;0;0;0;0;15
661;23/10/2002;0;0;1;0;0;0;0;0;12
662;24/10/2002;0;0;0;1;0;0;0;0;10
663;25/10/2002;0;0;0;0;1;0;0;0;13
664;26/10/2002;0;0;0;0;0;1;0;0;8
665;27/10/2002;0;0;0;0;0;0;1;0;3
666;28/10/2002;1;0;0;0;0;0;0;NA;NA
667;29/10/2002;0;1;0;0;0;0;0;0;7
668;30/10/2002;0;0;1;0;0;0;0;1;29
669;31/10/2002;0;0;0;1;0;0;0;1;41
670;01/11/2002;0;0;0;0;1;0;0;1;39
671;02/11/2002;0;0;0;0;0;1;0;1;14
672;03/11/2002;0;0;0;0;0;0;1;1;3
673;04/11/2002;1;0;0;0;0;0;0;1;30
674;05/11/2002;0;1;0;0;0;0;0;1;32
675;06/11/2002;0;0;1;0;0;0;0;1;31
676;07/11/2002;0;0;0;1;0;0;0;1;18
677;08/11/2002;0;0;0;0;1;0;0;1;30
678;09/11/2002;0;0;0;0;0;1;0;1;20
679;10/11/2002;0;0;0;0;0;0;1;1;3
680;11/11/2002;1;0;0;0;0;0;0;1;48
681;12/11/2002;0;1;0;0;0;0;0;1;50
682;13/11/2002;0;0;1;0;0;0;0;1;50
683;14/11/2002;0;0;0;1;0;0;0;1;39
684;15/11/2002;0;0;0;0;1;0;0;1;48
685;16/11/2002;0;0;0;0;0;1;0;1;21
686;17/11/2002;0;0;0;0;0;0;1;NA;NA
687;18/11/2002;1;0;0;0;0;0;0;1;52
688;19/11/2002;0;1;0;0;0;0;0;1;52
689;20/11/2002;0;0;1;0;0;0;0;1;43
690;21/11/2002;0;0;0;1;0;0;0;1;50
691;22/11/2002;0;0;0;0;1;0;0;1;53
692;23/11/2002;0;0;0;0;0;1;0;1;28
693;24/11/2002;0;0;0;0;0;0;1;1;3
694;25/11/2002;1;0;0;0;0;0;0;1;33
695;26/11/2002;0;1;0;0;0;0;0;0;16
696;27/11/2002;0;0;1;0;0;0;0;0;24
697;28/11/2002;0;0;0;1;0;0;0;0;26
698;29/11/2002;0;0;0;0;1;0;0;0;34
699;30/11/2002;0;0;0;0;0;1;0;0;15
700;01/12/2002;0;0;0;0;0;0;1;0;3
701;02/12/2002;1;0;0;0;0;0;0;0;23
702;03/12/2002;0;1;0;0;0;0;0;0;19
703;04/12/2002;0;0;1;0;0;0;0;0;12
704;05/12/2002;0;0;0;1;0;0;0;0;19
705;06/12/2002;0;0;0;0;1;0;0;0;19
706;07/12/2002;0;0;0;0;0;1;0;0;10
707;08/12/2002;0;0;0;0;0;0;1;0;3
708;09/12/2002;1;0;0;0;0;0;0;0;29
709;10/12/2002;0;1;0;0;0;0;0;0;33
710;11/12/2002;0;0;1;0;0;0;0;0;20
711;12/12/2002;0;0;0;1;0;0;0;0;19
712;13/12/2002;0;0;0;0;1;0;0;0;21
713;14/12/2002;0;0;0;0;0;1;0;0;3
714;15/12/2002;0;0;0;0;0;0;1;0;8
715;16/12/2002;1;0;0;0;0;0;0;0;32
716;17/12/2002;0;1;0;0;0;0;0;0;29
717;18/12/2002;0;0;1;0;0;0;0;0;27
718;19/12/2002;0;0;0;1;0;0;0;0;28
719;20/12/2002;0;0;0;0;1;0;0;0;36
720;21/12/2002;0;0;0;0;0;1;0;0;20
721;22/12/2002;0;0;0;0;0;0;1;0;10
722;23/12/2002;1;0;0;0;0;0;0;0;22
723;24/12/2002;0;1;0;0;0;0;0;NA;NA
724;25/12/2002;0;0;1;0;0;0;0;NA;NA
725;26/12/2002;0;0;0;1;0;0;0;NA;NA
726;27/12/2002;0;0;0;0;1;0;0;0;7
727;28/12/2002;0;0;0;0;0;1;0;0;7
728;29/12/2002;0;0;0;0;0;0;1;0;2
729;30/12/2002;1;0;0;0;0;0;0;0;16
730;31/12/2002;0;1;0;0;0;0;0;0;6
